origin,category,bundle,filename,node_title,anchor,node_created,file_created,pdf_created,current_published_at,proposed,rule,source,would_move,fetch,outcome,trust,url
attachment,minor_gap,events,LeadIT Cement Roadmap Agenda.pdf,Workshop on Accelerating Decarbonisation for India's Cement ,,2022-04-06T07:01:16+00:00,2022-04-11T10:36:31+00:00,2022-04-08T13:14:20+00:00,2022-04-06 07:01:16,2022-04-06T07:01:16+00:00,default,node_created,False,ok,default,no_year_evidence,/sites/default/files/2022-04/LeadIT%20Cement%20Roadmap%20Agenda.pdf
attachment,minor_gap,events,Summary_G20 to COP28.pdf,Act4Earth National Dialogue: Road to Dubai: From G20 to COP2,,2023-11-03T06:05:46+00:00,2023-11-24T11:11:17+00:00,2023-11-24T14:35:50+00:00,2023-11-03 06:05:46,2023-11-03T06:05:46+00:00,default,node_created,False,ok,default,no_year_evidence,/sites/default/files/2023-11/Summary_G20%20to%20COP28.pdf
attachment,minor_gap,policy_brief,Presentation Green Hydrogen-Path to Decarbonization.pdf,Green Hydrogen - Path to Decarbonization,,2024-11-07T09:48:17+00:00,2024-11-12T06:03:03+00:00,2024-11-12T10:26:40+00:00,2024-11-07 09:48:17,2024-11-07T09:48:17+00:00,default,node_created,False,ok,default,no_year_evidence,/sites/default/files/2024-11/Presentation%20Green%20Hydrogen-Path%20to%20Decarbonization.pdf
attachment,minor_gap,events,Draft Draft Agenda Bridging Innovation and Action Swiss Startup Solutions for India’s Sustainability.pdf,WSDS 2026 Thematic Track: Bridging Innovation and Action: Sw,,2026-02-10T07:21:14+00:00,2026-02-24T04:43:49+00:00,2026-02-24T10:11:30+00:00,2026-02-10 07:21:14,2026-02-10T07:21:14+00:00,default,node_created,False,ok,default,both_match,/sites/default/files/2026-02/Draft%20Draft%20Agenda%20Bridging%20Innovation%20and%20Action%20Swiss%20Startup%20Solutions%20for%20India%E2%80%99s%20Sustainability.pdf
attachment,minor_gap,events,Project Report- Modelling The energy Efficiency pathways for India’s Room Ac.pdf,Maximizing the Benefits for Climate Friendly Cooling through,,2022-08-01T06:09:30+00:00,2022-08-08T10:26:49+00:00,2022-08-05T14:18:58+00:00,2022-08-01 06:09:30,2022-08-01T06:09:30+00:00,default,node_created,False,ok,default,no_year_evidence,/sites/default/files/2022-08/Project%20Report-%20Modelling%20The%20energy%20Efficiency%20pathways%20for%20India%E2%80%99s%20Room%20Ac.pdf
attachment,minor_gap,events,Background note and Agenda_Hard to Abate.pdf,G20 International Seminar: Sharing global policies and best ,,2023-05-16T09:35:59+00:00,2023-05-30T09:38:11+00:00,2023-05-15T16:24:37+00:00,2023-05-16 09:35:59,2023-05-16T09:35:59+00:00,default,node_created,False,ok,default,no_year_evidence,/sites/default/files/2023-05/Background%20note%20and%20Agenda_Hard%20to%20Abate.pdf
attachment,minor_gap,policy_brief,Hydrogen Policy Brief_Final.pdf,Green Hydrogen - Path to Decarbonization,,2024-11-07T09:48:17+00:00,2024-11-12T06:02:49+00:00,2024-11-11T17:25:19+00:00,2024-11-07 09:48:17,2024-11-07T09:48:17+00:00,default,node_created,False,ok,default,no_year_evidence,/sites/default/files/2024-11/Hydrogen%20Policy%20Brief_Final.pdf
attachment,minor_gap,events,SNAPFI Steel Report 2023.pdf,Financing Decarbonization of Indian Secondary Steel Sector: ,,2023-12-14T09:46:27+00:00,2023-12-18T10:27:59+00:00,2023-12-15T14:11:12+00:00,2023-12-14 09:46:27,2023-12-14T09:46:27+00:00,default,node_created,False,ok,default,both_match,/sites/default/files/2023-12/SNAPFI%20Steel%20Report%202023.pdf
attachment,minor_gap,events,Conference Note_session_3.pdf,National Conference on the 'Five year journey of The RFCTLAR,,2018-09-27T06:07:43+00:00,2018-10-23T07:02:59+00:00,2018-10-22T14:31:19+00:00,2018-09-27 06:07:43,2018-09-27T06:07:43+00:00,default,node_created,False,ok,default,neither_matches,/sites/default/files/2018-10/Conference%20Note_session_3.pdf
attachment,minor_gap,events,Conference Note_National Conference.pdf,National Conference on the 'Five year journey of The RFCTLAR,,2018-09-27T06:07:43+00:00,2018-10-23T07:00:38+00:00,2018-10-22T14:27:14+00:00,2018-09-27 06:07:43,2018-09-27T06:07:43+00:00,default,node_created,False,ok,default,neither_matches,/sites/default/files/2018-10/Conference%20Note_National%20Conference.pdf
attachment,minor_gap,press_release,FLOW press release - Guwahati.pdf,Bharti Infratel and TERI empower schools to take forward wat,,2018-10-17T08:51:15+00:00,2018-10-26T11:49:32+00:00,2018-10-26T17:19:16+00:00,2018-10-17 08:51:15,2018-10-17T08:51:15+00:00,default,node_created,False,ok,default,no_year_evidence,/sites/default/files/2018-10/FLOW%20press%20release%20-%20Guwahati.pdf
attachment,minor_gap,events,webinar on circular economy (1).pdf,Webinar on “Achieving Sustainable Waste Management: Circular,,2023-05-24T09:41:14+00:00,2023-05-30T09:45:54+00:00,2023-05-19T14:31:28+00:00,2023-05-24 09:41:14,2023-05-24T09:41:14+00:00,default,node_created,False,ok,default,no_year_evidence,/sites/default/files/2023-05/webinar%20on%20circular%20economy%20%281%29.pdf
attachment,minor_gap,events,Workshop Background Note_10.11.2022.pdf,Circular Economy: Eco Design and Eco Labelling- Role of Stan,,2022-10-19T10:59:01+00:00,2022-11-10T11:47:08+00:00,2022-11-10T13:38:24+00:00,2022-10-19 10:59:01,2022-10-19T10:59:01+00:00,default,node_created,False,ok,default,both_match,/sites/default/files/2022-11/Workshop%20Background%20Note_10.11.2022.pdf
attachment,minor_gap,events,Green Budgeting_ppt_final.pdf,Webinar on Green Budgeting,,2024-12-31T06:50:53+00:00,2025-01-14T11:04:05+00:00,2025-01-13T14:48:42+00:00,2024-12-31 06:50:53,2024-12-31T06:50:53+00:00,default,node_created,False,ok,default,no_year_evidence,/sites/default/files/2025-01/Green%20Budgeting_ppt_final.pdf
attachment,minor_gap,events,Schedule of Events_Private Sector Pavilion.pdf,Private Sector Pavilion at International Solar Festival pres,,2024-08-06T05:26:20+00:00,2024-09-25T10:33:12+00:00,2024-09-04T04:34:14+00:00,2024-08-06 05:26:20,2024-08-06T05:26:20+00:00,default,node_created,False,ok,default,no_year_evidence,/sites/default/files/2024-09/Schedule%20of%20Events_Private%20Sector%20Pavilion.pdf
attachment,minor_gap,events,Agenda for GPP-WSDS2026 Thematic Track (1).pdf,WSDS 2026 Thematic Track: Building Demand for Green Steel in,,2026-02-19T09:30:21+00:00,2026-03-03T11:27:14+00:00,2026-03-03T03:22:55+00:00,2026-02-19 09:30:21,2026-02-19T09:30:21+00:00,default,node_created,False,ok,default,both_match,/sites/default/files/2026-03/Agenda%20for%20GPP-WSDS2026%20Thematic%20Track%20%281%29.pdf
attachment,minor_gap,events,Conference Note_session_1.pdf,National Conference on the 'Five year journey of The RFCTLAR,,2018-09-27T06:07:43+00:00,2018-10-29T10:51:39+00:00,2018-10-29T14:14:14+00:00,2018-09-27 06:07:43,2018-09-27T06:07:43+00:00,default,node_created,False,ok,default,neither_matches,/sites/default/files/2018-10/Conference%20Note_session_1_0.pdf
attachment,minor_gap,ongoing_projects,Final_Visuals-Before-and-After-scenario.pdf,Rethink Plastic: UNEP-TERI joint initiative in Mumbai region,,2019-12-12T08:24:44+00:00,2020-03-25T07:09:09+00:00,2020-03-16T16:38:29+00:00,2019-12-12 08:24:44,2019-12-12T08:24:44+00:00,default,node_created,False,ok,default,no_year_evidence,/sites/default/files/2020-03/Final_Visuals-Before-and-After-scenario.pdf
attachment,minor_gap,events,Agenda-Book-Launch-GAIL-&-TERI.pdf,"Book Launch- Pollution Solutions: For a Cleaner, Greener Ear",,2022-03-23T06:11:56+00:00,2022-03-28T06:44:51+00:00,2022-03-28T10:21:24+00:00,2022-03-23 06:11:56,2022-03-23T06:11:56+00:00,default,node_created,False,ok,default,no_year_evidence,/sites/default/files/2022-03/Agenda-Book-Launch-GAIL-%26-TERI.pdf
attachment,minor_gap,events,Agenda.pdf,Webinar on Health and Environment: Towards Greening Post COV,,2020-05-28T09:12:33+00:00,2020-06-09T09:53:43+00:00,2020-06-09T15:23:28+00:00,2020-05-28 09:12:33,2020-05-28T09:12:33+00:00,default,node_created,False,ok,default,no_year_evidence,/sites/default/files/2020-06/Agenda_0.pdf
attachment,minor_gap,ongoing_projects,Programme LEAD_Guidelines (1).pdf,"Programme LEAD (Leadership for Environment, Awareness and De",,2023-04-10T08:52:07+00:00,2023-04-18T05:41:09+00:00,2023-04-17T12:46:59+00:00,2023-04-10 08:52:07,2023-04-10T08:52:07+00:00,default,node_created,False,ok,default,no_year_evidence,/sites/default/files/2023-04/Programme%20LEAD_Guidelines%20%281%29.pdf
attachment,minor_gap,ongoing_projects,hub-brochure.pdf,TERI Coastal Education Hub,,2019-02-25T08:22:56+00:00,2019-02-27T11:27:00+00:00,2019-02-27T16:43:16+00:00,2019-02-25 08:22:56,2019-02-25T08:22:56+00:00,default,node_created,False,ok,default,no_year_evidence,/sites/default/files/2019-02/hub-brochure.pdf
attachment,minor_gap,events,CEM Event Report.pdf,"Panel Discussion on ""An Economy-wide Quantified Goal on Ener",,2023-07-12T08:05:52+00:00,2023-09-01T04:17:58+00:00,2023-08-31T12:36:16+00:00,2023-07-12 08:05:52,2023-07-12T08:05:52+00:00,default,node_created,False,ok,default,no_year_evidence,/sites/default/files/2023-09/CEM%20Event%20Report.pdf
attachment,minor_gap,policy_brief,Environmental Governance.pdf,Discussion Paper: Restructuring the Environmental Governance,,2017-10-30T12:21:00+00:00,2018-07-10T09:36:31+00:00,2017-10-26T14:37:47+00:00,2017-10-30 12:21:00,2017-10-30T12:21:00+00:00,default,node_created,False,ok,default,no_year_evidence,/sites/default/files/2018-07/Environmental%20Governance.pdf
attachment,minor_gap,events,Agenda & Concept Note-WSDS_R3V1_030325.pdf,WSDS 2025 Thematic Track - Sustaining Change: Public-Private,,2025-02-25T08:22:00+00:00,2025-03-10T10:55:59+00:00,2025-03-03T16:35:31+00:00,2025-02-25 08:22:00,2025-02-25T08:22:00+00:00,default,node_created,False,ok,default,both_match,/sites/default/files/2025-03/Agenda%20%26%20Concept%20Note-WSDS_R3V1_030325.pdf
attachment,minor_gap,events,Final Agenda_CEO Forum 2025 at WSDS_06March2025.pdf,CEO Forum at WSDS 2025,,2025-01-16T06:42:11+00:00,2025-07-29T11:10:05+00:00,2025-03-06T13:54:48+00:00,2025-01-16 06:42:11,2025-01-16T06:42:11+00:00,default,node_created,False,ok,default,both_match,/sites/default/files/2025-07/Final%20Agenda_CEO%20Forum%202025%20at%20WSDS_06March2025.pdf
attachment,minor_gap,completed_projects,Project_Report.pdf,India's case study on Just Transition,,2021-02-11T11:49:33+00:00,2021-04-01T08:44:47+00:00,2021-03-26T16:02:09+00:00,2021-02-11 11:49:33,2021-02-11T11:49:33+00:00,default,node_created,False,ok,default,no_year_evidence,/sites/default/files/2021-04/Project_Report.pdf
attachment,minor_gap,events,3rd Water Sustainability Awards Ceremony.pdf,Water Sustainability Awards 2023-24,,2024-03-15T10:59:29+00:00,2024-03-20T05:42:48+00:00,2024-03-20T10:44:21+00:00,2024-03-15 10:59:29,2024-03-15T10:59:29+00:00,default,node_created,False,ok,default,neither_matches,/sites/default/files/2024-03/3rd%20Water%20Sustainability%20Awards%20Ceremony.pdf
attachment,minor_gap,events,WSDS_CR_Agenda.pdf,"Curtain Raiser Event to WSDS 2022: Sustainable, Equitable an",,2021-05-27T04:40:17+00:00,2021-06-04T04:44:35+00:00,2021-06-03T10:25:23+00:00,2021-05-27 04:40:17,2021-05-27T04:40:17+00:00,default,node_created,False,ok,default,neither_matches,/sites/default/files/2021-06/WSDS_CR_Agenda.pdf
attachment,minor_gap,events,Background NoteT_Thematic_Track_LiFE_250225.pdf,WSDS 2025 Thematic Track - Growth of Per Capita Energy Consu,,2025-02-10T10:01:21+00:00,2025-02-25T07:06:10+00:00,2025-02-25T11:36:28+00:00,2025-02-10 10:01:21,2025-02-10T10:01:21+00:00,default,node_created,False,ok,default,both_match,/sites/default/files/2025-02/Background%20NoteT_Thematic_Track_LiFE_250225.pdf
attachment,minor_gap,events,Roadmap for India's Energy Transition in the Transport Sector.pdf,Global Sustainability Summit 2025: TERI Reveals Pathways to ,,2025-08-08T06:59:33+00:00,2025-08-29T04:48:50+00:00,2024-11-21T23:19:23+00:00,2025-08-08 06:59:33,2025-08-08T06:59:33+00:00,default,node_created,False,ok,default,both_match,/sites/default/files/2025-08/Roadmap%20for%20India%27s%20Energy%20Transition%20in%20the%20Transport%20Sector.pdf
attachment,minor_gap,events,2. India's enhanced role in North-South partnership on faster solar energy transition.pdf,Private Sector Pavilion at International Solar Festival pres,,2024-08-06T05:26:20+00:00,2024-09-25T10:30:34+00:00,2024-09-05T10:42:21+00:00,2024-08-06 05:26:20,2024-08-06T05:26:20+00:00,default,node_created,False,ok,default,no_year_evidence,/sites/default/files/2024-09/2.%20India%27s%20enhanced%20role%20in%20North-South%20partnership%20on%20faster%20solar%20energy%20transition.pdf
attachment,minor_gap,events,Concept Note_1.pdf,WSDS 2025 Thematic Track: Beyond Blueprints: Reimagining Cli,,2025-02-10T09:26:58+00:00,2025-02-27T12:04:27+00:00,2025-02-19T13:42:36+00:00,2025-02-10 09:26:58,2025-02-10T09:26:58+00:00,default,node_created,False,ok,default,both_match,/sites/default/files/2025-02/Concept%20Note_1.pdf
attachment,minor_gap,ongoing_projects,Assessing the Environmental Sustainability Report (1).pdf,Preparing End-of-Life Disposal Protocol for Woven Jute / Pol,,2023-08-09T06:54:12+00:00,2023-09-04T06:51:18+00:00,2023-08-25T15:18:33+00:00,2023-08-09 06:54:12,2023-08-09T06:54:12+00:00,default,node_created,False,ok,default,no_year_evidence,/sites/default/files/2023-09/Assessing%20the%20Environmental%20Sustainability%20Report%20%281%29.pdf
attachment,minor_gap,events,Agenda_Training Schedule_One-Day Experiential Learning.pdf,Experiential Learning Session for Sustainability Professiona,,2024-09-18T10:47:32+00:00,2025-05-15T07:03:34+00:00,2024-08-30T16:36:00+00:00,2024-09-18 10:47:32,2024-09-18T10:47:32+00:00,default,node_created,False,ok,default,no_year_evidence,/sites/default/files/2025-05/Agenda_Training%20Schedule_One-Day%20Experiential%20Learning.pdf
attachment,minor_gap,article,Mandira and Vatsala Terragreen 2024.pdf,Impact of Nature-based Innovative Biofertilizers on Agricult,,2024-04-10T11:40:29+00:00,2024-12-03T11:43:16+00:00,,2024-04-10 11:40:29,2024-04-10T11:40:29+00:00,default,node_created,False,ok,insufficient_evidence,both_match,/sites/default/files/2024-12/Mandira%20and%20Vatsala%20Terragreen%202024.pdf
attachment,minor_gap,policy_brief,aligning-Indias-sanitation-policy-with-the-SDGs.pdf,Discussion Paper: Aligning India's Sanitation Policies with ,,2020-01-31T12:08:51+00:00,2020-03-09T09:47:54+00:00,2020-02-26T20:15:43+00:00,2020-01-31 12:08:51,2020-01-31T12:08:51+00:00,default,node_created,False,ok,default,no_year_evidence,/sites/default/files/2020-03/aligning-Indias-sanitation-policy-with-the-SDGs.pdf
attachment,minor_gap,events,Event Report_EE Media_Workshop.pdf,Shaping the Discourse: Effective Energy Efficiency Storytell,,2023-06-13T05:25:36+00:00,2023-09-01T04:15:27+00:00,2023-08-31T18:21:15+00:00,2023-06-13 05:25:36,2023-06-13T05:25:36+00:00,default,node_created,False,ok,default,no_year_evidence,/sites/default/files/2023-09/Event%20Report_EE%20Media_Workshop.pdf
attachment,minor_gap,completed_projects,Used Beverage Cartons Management Study – 2022 (1).pdf,Used Beverage Cartons Management Study,,2023-12-13T11:22:20+00:00,2023-12-20T11:32:22+00:00,2023-12-19T15:31:10+00:00,2023-12-13 11:22:20,2023-12-13T11:22:20+00:00,default,node_created,False,ok,default,neither_matches,/sites/default/files/2023-12/Used%20Beverage%20Cartons%20Management%20Study%20%E2%80%93%202022%20%281%29.pdf
attachment,minor_gap,completed_projects,Socio-environmental De-Risking Instruments for-solar-power-in-India.pdf,De-Risking Investment in Solar Energy,,2021-12-07T12:35:57+00:00,2021-12-10T12:23:10+00:00,2021-12-10T17:23:23+00:00,2021-12-07 12:35:57,2021-12-07T12:35:57+00:00,default,node_created,False,ok,default,no_year_evidence,/sites/default/files/2021-12/Socio-environmental%20De-Risking%20Instruments%20for-solar-power-in-India.pdf
attachment,minor_gap,completed_projects,Assessment_of_air_quality_during lockdowns_in_Delhi.pdf,Developing Strategies for Control of Air Pollution in India ,,2020-02-11T11:16:13+00:00,2021-02-02T07:14:37+00:00,2021-02-01T16:48:13+00:00,2020-02-11 11:16:13,2020-02-11T11:16:13+00:00,default,node_created,False,ok,default,no_year_evidence,/sites/default/files/2021-02/Assessment_of_air_quality_during%20lockdowns_in_Delhi.pdf
attachment,minor_gap,events,Agenda.pdf,"Workshop on ""Research Data Management Tools and Techniques""",,2018-11-20T04:54:36+00:00,2019-01-04T10:41:53+00:00,2019-01-04T16:10:43+00:00,2018-11-20 04:54:36,2018-11-20T04:54:36+00:00,default,node_created,False,ok,default,no_year_evidence,/sites/default/files/2019-01/Agenda_0.pdf
attachment,minor_gap,events,Agenda_TERI_Act4Earth (2).pdf,Synergies Between Climate Action and SDGs: Implications for ,,2024-05-15T05:46:47+00:00,2024-05-22T05:50:43+00:00,2024-05-22T11:15:59+00:00,2024-05-15 05:46:47,2024-05-15T05:46:47+00:00,default,node_created,False,ok,default,no_year_evidence,/sites/default/files/2024-05/Agenda_TERI_Act4Earth%20%282%29.pdf
attachment,minor_gap,completed_projects,Used beverage carton (UBC) management study for India.pdf,Used Beverage Carton management study for India,,2019-09-12T08:59:06+00:00,2019-09-17T04:55:42+00:00,2019-09-16T19:06:31+00:00,2019-09-12 08:59:06,2019-09-12T08:59:06+00:00,default,node_created,False,ok,default,no_year_evidence,/sites/default/files/2019-09/Used%20beverage%20carton%20%28UBC%29%20management%20study%20for%20India.pdf
attachment,minor_gap,events,Agenda.pdf,WSDS 2026 Thematic Track: The Next Solar Frontier: Circulari,,2026-02-09T05:46:01+00:00,2026-02-21T11:35:49+00:00,2026-02-20T14:56:12+00:00,2026-02-09 05:46:01,2026-02-09T05:46:01+00:00,default,node_created,False,ok,default,both_match,/sites/default/files/2026-02/Agenda.pdf
